Baby,RMS,Brightness,Roughness,Flux,Pitch
116,0.0417399297021958,3146.24221520682,25060.5206941839,470.789929306285,346.495547796555
